C001	a02.md	CLAIM=शस्त्रविद्यादिगुणलब्ध्यर्थी शस्त्रविद्यादिविदं	SONNET=शास्त्रविद्यादिगुणलब्ध्यर्थी शास्त्रविद्यादिविदं	समान	स्पष्ट
C002	a02.md	CLAIM=स्याताम्	SONNET=स्याताम्	भिन्न (अन्तिम अक्षर: छपे में हलन्त म्, ह	स्पष्ट
C003	a03.md	CLAIM=तथावास्तवगुणकर्मपदार्थाव्यवस्थितेः	SONNET=...गुणकर्मपदार्थव्यवस्थितेः	भिन्न (हमारे पाठ में अतिरिक्त [अस्पष्ट]-	अस्पष्ट
C004	a03.md	CLAIM=स च द्रव्यादविष्वग्भूतो	SONNET=स च द्रव्यादविष्वग्भूतो	भिन्न (द/दि: छपे में सादा द, हमारे में द	स्पष्ट
C005	a03.md	CLAIM=यद्य?कपदवाच्यं	SONNET=यद्य॒कपद-वाच्यं	भिन्न (हमारे पाठ में 'द्य' अक्षर गायब है	अस्पष्ट
C006	a03.md	CLAIM=स शब्दात्मा संग्रहः	SONNET=स शब्दात्मा संग्रहः	भिन्न (श/शा)	स्पष्ट
C007	a04.md	CLAIM=साधीयसीष्यते	SONNET=साध्वीयसीष्यते	समान	स्पष्ट
C008	a04.md	CLAIM=कोटेर्मुक्तात्मनमिवाभावात्	SONNET=कोटेर्मुक्तात्मनमिवाभावात्	भिन्न (नम्/नाम्: छपे में लघु अ, हमारे मे	स्पष्ट
C009	a04.md	CLAIM=तथातद्बाधकागमस्याप्रमाणत्वात्तदनुग्राहकानुमानाभावात्	SONNET=तथा तद्बाधकागमस्याप्रमाणत्वात्तदनुग्राहकानुमानाभावात्	भिन्न (अप्रमाणत्वात्/अप्रामाण्यात् — भिन	स्पष्ट
C010	a04.md	CLAIM=तद्बलात्कर्मभिः	SONNET=...अप्रसिद्धे तद्बलात्कर्मभिः	भिन्न (कर्मभिः/कर्ममलैः)	स्पष्ट
C011	a05.md	CLAIM=सिसृक्षान्तरपूर्विका यदीष्यते तदाऽनवस्था	SONNET=सिसृक्षान्तरपूर्विका यदीष्यते तदा-नवस्थाप्रसंगात्	भिन्न (यदीष्यते/यदोच्यते)	स्पष्ट
C012	a06.md	CLAIM=तन्वादेरुपपन्नत्वात्	SONNET=...अनुविधानस्य तन्वा-देहुपपन्नत्वात्	भिन्न (तन्वा/तथा)	स्पष्ट
C013	a06.md	CLAIM=कायादिकार्यमनुविधत्ते	SONNET=...महेश्वरसिसृक्षायाः कायादिकार्यमनुविधत्ते कुम्भादिकार्यवत्	भिन्न (त्ते/त्तः)	स्पष्ट
C014	a06.md	CLAIM=शश्वत्सद्भावात्	SONNET=तस्य शश्वत्सद्भावादीश्वरस्य...	भिन्न (शश्वत्/शाश्वत — दोनों जगह भिन्न: 	स्पष्ट
C015	a07.md	CLAIM=सर्वथाऽनभिव्यक्तायाः क्वचित्कार्ये	SONNET=सर्वथाऽनभिव्यक्तायाः क्वचित्कार्यं क्रियाहेतुत्वासिद्धेः	भिन्न (विसर्ग और अनुस्वार दोनों हमारे पा	स्पष्ट
C016	a07.md	CLAIM=कर्माभावे चेच्छायाः	SONNET=कर्मभावे चेच्छायाः सर्वथाऽनुपपत्तेः	समान	स्पष्ट
C017	a08.md	CLAIM=यथाऽनीशः	SONNET=यथाऽनीशः स्वदेहस्य कर्ता	भिन्न (नीशः/ज्ञीशः)	स्पष्ट
C018	a08.md	CLAIM=तदभेदेऽतिशयानामिवेश्वरज्ञानस्यापि	SONNET=तद्-भेदेऽतिशयानामिवेश्वरज्ञानस्यापि नाशोत्पादप्रसङ्गात्	समान	स्पष्ट
C019	a10.md	CLAIM=सर्वदा भेदे	SONNET=...तद्वद्भ्यां सर्वदा भेदे सतीश्वरतदवस्थयोः	भिन्न (सर्वदा/सर्वथा)	स्पष्ट
C020	a10.md	CLAIM=धर्मधर्मिणोर्भिन्नमेवाभ्यनुज्ञायते	SONNET=कथञ्चित्तादात्म्यं धर्मधर्मिणोर्भिन्नमेवाभ्यनुज्ञायते	भिन्न (भिन्नम्/अभिन्नम् — निषेधात्मक उपस	स्पष्ट
C021	a10.md	CLAIM=पर्यायार्थिकनयप्राधान्यादविरोधाद्	SONNET=पर्यायार्थिकनयप्राधान्याद्विरोधाद्द्रव्यार्थिकनयप्राधान्येन तद्विरोधात्	समान	स्पष्ट
C022	a10.md	CLAIM=तद्विरोधात्	SONNET=...द्रव्यार्थिकनयप्राधान्येन तद्विरोधात्।	समान	स्पष्ट
C023	a11.md	CLAIM=तदप्रयोजकत्वे च न तदधिष्ठितानामेव	SONNET=तद्-प्रयोजकत्वे च न तदधिष्ठितानामेव धर्मादीनां...	समान	स्पष्ट
C024	a11.md	CLAIM=विषयपरिच्छित्तेरविरोधात्	SONNET=कारणापरिज्ञानेऽपि विषयपरिच्छित्तेर्-विरोधात्	समान	स्पष्ट
C025	a12.md	CLAIM=इहेदप्रत्ययेन संयोगसम्बन्धमात्रनिबन्धनेन	SONNET=इहेदप्रत्ययेन संयोगसम्बन्धमात्रनिबन्धनेन	भिन्न (इहेद/इहेदं — अनुस्वार)	स्पष्ट
C026	a12.md	CLAIM=प्रत्ययेनानेमान्तः	SONNET=कुण्डे दधीति प्रत्ययेनानेमान्तः¹	भिन्न (मान्तः/कान्तः)	स्पष्ट
C027	a12.md	CLAIM=तत्रेदमयुतसिद्धत्वं	SONNET=तत्रेदमयुतसिद्धत्वं यदि...	भिन्न (हमारे पाठ में अतिरिक्त आ — यु-त-आ	स्पष्ट
C028	a12.md	CLAIM=स्वावयवांशुषु	SONNET=...कारणद्रव्यं तन्तुलक्षणं स्वावय-वांशुषु² वर्त्तते	भिन्न (वांशुषु/वांशेषु)	स्पष्ट
C029	a13.md	CLAIM=लौकिक?युतसिद्धत्वं	SONNET=लौकिकव्ययुतसिद्धत्वं तु प्रतीतिबाधितं	भिन्न (हमारे पाठ में व्य अक्षर छूट गया)	स्पष्ट
C030	a13.md	CLAIM=तदभावान्न युतसिद्धिः	SONNET=...द्रव्याश्रयत्वात् तदभावान्न युतसिद्धिः	भिन्न (तदभावान्न/तदभावाच्च)	स्पष्ट
C031	a13.md	CLAIM=शश्वदविभक्तानां	SONNET=कथं च शश्वदाविभक्तानां विभुद्रव्यविशेषाणामजः	भिन्न (शश्वदावि/शश्वद्वि)	स्पष्ट
C032	a16.md	CLAIM=तस्यैवेतरेतरव्यावृत्तिविशिष्टस्य	SONNET=तस्यैवेतरेतरव्यावृत्तिविशिष्टस्येतरेतराभा-	भिन्न (हमारे पाठ में एक अतिरिक्त आ)	स्पष्ट
C033	a16.md	CLAIM=महेश्वरस्याव्यवस्थितेः	SONNET=...स्वतो द्रव्यस्वरूपेणापि महेश्वरस्याव्यवस्थितेः।	भिन्न (अव्यवस्थितेः/अनवस्थितेः)	स्पष्ट
C034	a17.md	CLAIM=पारमार्थिके सद्वर्गे	SONNET=...न तत्र सत्त्वसमवायः पारमार्थिके सद्वर्गे द्रव्यगुणकर्मलक्षणे...	भिन्न (सद्वर्गे/सद्द्रव्ये)	स्पष्ट
C035	a17.md	CLAIM=कस्यचित्सद्वर्गत्वासिद्धेः	SONNET=स्वरूपेणासतः कस्यचित्सद्वर्गत्वासिद्धेः।	भिन्न (सद्वर्गत्वा/सद्द्रव्यत्वा)	स्पष्ट
C036	a17.md	CLAIM=स्वरूपतः सत्स्वपि तत एव	SONNET=स्वरूपतः सत्स्वपि तत एव सत्तासम्बन्धपरिकल्पनं मा भूत्।	भिन्न (सत्स्वपि/सत्त्वपि)	स्पष्ट
C037	a18.md	CLAIM=यदि पुनरचेतनस्यापि	SONNET=यदि पुनर/चेतनस्यापि	भिन्न (र बनाम श्च)	स्पष्ट
C038	a19.md	CLAIM=तत्र श्रुतमयी श्रूणमाणेभ्यः	SONNET=श्र[?]णमाणेभ्यः	भिन्न (य-मात्रा अस्पष्ट/अनुपस्थित)	अस्पष्ट
C039	a19.md	CLAIM=निवृ॑त्ता	SONNET=निवृत्ता	समान	स्पष्ट
C040	a20.md	CLAIM=तद्विविक्तमेव	SONNET=तद्द्वितयमेव	समान	स्पष्ट
C041	a20.md	CLAIM=प्रतिभासाभावाद्बहिरर्थैकपरमाणुवत्	SONNET=प्रतिभासाभावाद्बहिरर्थैकपरमाणुवत्	भिन्न (द्ब संयुक्ताक्षर बनाम दब असंयुक्त	स्पष्ट
C042	a20.md	CLAIM=संवेदयते	SONNET=संवेद्यते	समान	स्पष्ट
C043	a21.md	CLAIM=धात्वर्थलक्षणाया क्रियायाः	SONNET=धात्वर्थलक्षणाया क्रियायाः	भिन्न (लक्षणाया में विसर्ग अनुपस्थित)	स्पष्ट
C044	a21.md	CLAIM=प्रतिभासमानं चान्तर्बहिर्वस्तु	SONNET=प्रतिभासमानं चान्तर्बहिर्वस्तु	भिन्न (मानं में अनुस्वार, हमारे पाठ में 	स्पष्ट
C045	a22.md	CLAIM=संवेदनाद्वैतस्य(?) स्वरूपसंवेदनं	SONNET=संवेदनाद्वैतस्य स्वरूपसंवेदनं	भिन्न (तस्य बनाम ते तत्र)	स्पष्ट
C046	a22.md	CLAIM=ज्ञानान्तरवेद्यज्ञानवादिनमुपालभतां	SONNET=ज्ञानान्तरवेद्यज्ञानवादिनमुपालभतां	भिन्न (उपालभतां बनाम उपालब्धां)	स्पष्ट
C047	a23.md	CLAIM=तद्भेदं	SONNET=तद्द्व[?]दं	अनिश्चित	अस्पष्ट
C048	a23.md	CLAIM=सूक्तम्	SONNET=सूत्रम्	भिन्न (म् बनाम तम्)	स्पष्ट
C049	a23.md	CLAIM=प्रतिभासमात्रान्तःप्रवेशानुपपत्तेरभावापादनं	SONNET=प्रतिभासमात्रान्तःप्रवेशानुपपत्तेरभावापादनं	भिन्न (र्भाव संयुक्त बनाम रभाव असंयुक्त)	स्पष्ट
C050	a23.md	CLAIM=हेतोरद्वैतसिद्धिर्यदि	SONNET=हेतोर्द्वैतसिद्धिर्यंदि	भिन्न (यं में अनुस्वार, हमारे पाठ में अन	स्पष्ट
C051	a23.md	CLAIM=तद्भेदस्य	SONNET=तद्द्वैदस्य	समान	स्पष्ट
C052	a23.md	CLAIM=केषाञ्चित्स्फटिकाद्यन्तरितार्थानाम्	SONNET=केषाञ्चित्स्फटिकान्तरितार्थानाम्	समान	स्पष्ट
C053	a23.md	CLAIM=निपुणप्रज्ञे तथोपचारप्रवृत्तेरनिवारणात्	SONNET=निपुणप्रज्ञ तथापि चारप्रवृत्तेरनिवारणादित्यपि	भिन्न (प्रज्ञ बनाम प्रज्ञैः; अनिवारणादित	स्पष्ट
C054	a23.md	CLAIM=नाशङ्कनीयम्	SONNET=नाशङ्नीयम्	समान	स्पष्ट
C055	a23.md	CLAIM=हेतोर्विपक्षेऽपि	SONNET=हेतोविपक्षेऽपि	समान	स्पष्ट
C056	a23.md	CLAIM=परमाण्वाद्यैस्तेषां	SONNET=परमाण्वाद्यैस्तेषां	भिन्न (परमाण्वाद्यैः बनाम परमाणुभ्यैः)	स्पष्ट
C057	a23.md	CLAIM=यतस्तत्र वर्त्तमानः	SONNET=यतस्तत्र वर्त्तमानः	भिन्न (यतस्तत्र बनाम यत्र तत्र)	स्पष्ट
C058	a23.md	CLAIM=हेतुर्व्यभिचारी स्यात्	SONNET=हेतुर्व्यभिचारो स्यात्	समान	स्पष्ट
C059	a24.md	CLAIM=तदप्रत्यक्षत्वप्रसङ्गात्	SONNET=तत्³प्रत्यक्षत्वप्रसङ्गात्	समान	स्पष्ट
C060	a24.md	CLAIM=प्रत्यक्षाणि चार्हत्	SONNET=प्रत्यक्षाणि चार्हत्	भिन्न (चार्हत् बनाम चार्हतः)	स्पष्ट
C061	a24.md	CLAIM=प्रत्यक्षादिज्ञानव्यक्ति-ष्वन्यतमज्ञानव्यक्तेरेव	SONNET=प्रत्यक्षादिज्ञानव्यक्ति-व्यन्यतमज्ञानव्यक्तेरेव	समान	स्पष्ट
C062	a25.md	CLAIM=स्वविषयपरिच्छित्तौ विषयान्तरपरिच्छित्तेरनुपपत्तेः	SONNET=स्वविषयपरिच्छत्तौ विषयान्तरपरिच्छत्तेरनुपपत्तेः	समान	स्पष्ट
C063	a25.md	CLAIM=न धर्मादिसूक्ष्माद्यर्थविषयम्	SONNET=न धर्मादि सूक्ष्मार्थविषयन्	भिन्न (विषयन् बनाम विषयम्)	स्पष्ट
C064	a25.md	CLAIM=धर्मादिसूक्ष्माद्यर्थविषयत्वाभावः	SONNET=धर्मादिसूक्ष्मार्थविषयत्वाभावः	समान	स्पष्ट
C065	a25.md	CLAIM=धर्मादिसूक्ष्माद्यर्थविषयत्वाभावः	SONNET=धर्मादिसूक्ष्मार्थविषयत्वाभावः	समान	स्पष्ट
C066	a25.md	CLAIM=सूक्ष्माद्यर्थविषयत्वासिद्धिः	SONNET=सूक्ष्मार्थविषयत्वासिद्धिः	समान	स्पष्ट
C067	a25.md	CLAIM=सकलाप्रशमाज्ञानादर्शनावीर्य॰	SONNET=सकलप्रशमाज्ञानादर्शनावीर्यलक्षणकलङ्क-	समान	स्पष्ट
C068	a25.md	CLAIM=…चतुष्टयवैकल्यात्सिद्धं	SONNET=…चतुष्टयवैकल्यासिद्धं	समान	स्पष्ट
C069	a25.md	CLAIM=तच्चाक्रमत्वम्	SONNET=तच्चाक्रमत्वम्	भिन्न (अक्रमत्वम् बनाम अकस्मत्वम्)	स्पष्ट
C070	a25.md	CLAIM=धर्मादिसूक्ष्माद्यर्थाविषयत्वं	SONNET=धर्मादिसूक्ष्मार्थविषयत्वं	समान	स्पष्ट
C071	a25.md	CLAIM=रहितं विश्वतत्त्वज्ञैर्न हि तद्बाधकं भवेत्	SONNET=विश्वतत्त्वज्ञैनं हि तद्बाधकं भवेत्	भिन्न (ज्ञैनं बनाम ज्ञैर्; हमारे पाठ में	स्पष्ट
C072	a25.md	CLAIM=क्षीणत्वादन्यथाभावाभावात्तदबाधिका	SONNET=क्षीणत्वादन्यथाभावाभावात्तद्बाधिका	समान	स्पष्ट
C073	a25.md	CLAIM=सिद्ध्यत्	SONNET=सिद्ध्यत	भिन्न (सिद्ध्यत बनाम सिद्ध्यतु)	स्पष्ट
C074	a26.md	CLAIM=स यद्यज्ञानादिदोषदूषितपुरुषत्वमुच्यते	SONNET=स यज्ज्ञानादिदोषदूषितपुरुषत्वमुच्यते	समान	स्पष्ट
C075	a26.md	CLAIM=नन्वपौरुषेयाद्वेदादेव धर्माद्युपदेशसिद्धेः	SONNET=नन्वपौरुषेयादेव	भिन्न ("अ" / सन्धि — छपे में "नन्व" जुड़	स्पष्ट
C076	a26.md	CLAIM=उपनिषद्वाक्यार्थवदीश्वराद्यर्थवाद⁴वद्वा	SONNET=उपनिषद्वाक्यार्थवदीश्वराचार्यवाद⁴-	समान (दोनों भागों को जोड़ने पर पूर्ण मेल	स्पष्ट
C077	a26.md	CLAIM=मु स 'श्वराद्यर्थवद्वा'	SONNET=?	सम्भवतः समान (प्रारम्भिक स्वर अत्यंत सूक	अस्पष्ट
C078	a26.md	CLAIM=मीमांसकैस्तद्वद्	SONNET=मीमांसकैस्तद्यद्	समान	स्पष्ट
C079	a26.md	CLAIM=कस्यचित्क्वचिद्विषये	SONNET=कस्यचित्क्वचि-/द्विषये	भिन्न (मुद्रित में "क्व" है, हमारे में "	स्पष्ट
C080	a26.md	CLAIM=वेदार्थ¹व्याचक्षाणस्योपयोगी	SONNET=वेदार्थं¹व्याचक्षाणस्योपयोगी	भिन्न (मुद्रित में "व्याचक्षाणस्य" है, ह	स्पष्ट
C081	a26.md	CLAIM=यथार्थव्याख्याननिर्णयविरोधात्	SONNET=यथार्थंव्याख्यानिर्णयविरोधात्	भिन्न (मुद्रित "यथार्थं" में अनुस्वार है	स्पष्ट
C082	a26.md	CLAIM=ततो न धर्माद्युपदेशासम्भवः	SONNET=धर्माद्युपदेशासम्भवः	भिन्न ("धर्माद्युपदेश" में य् संयुक्ताक्	स्पष्ट
C083	a26.md	CLAIM=पूर्वं तदनुभवे वा क्वचित् सर्वत्र	SONNET=पूर्वं तदनुभवे वा क्वचित् सर्वत्र	भिन्न (मुद्रित में "क्वचित्" है, हमारे म	स्पष्ट
C084	a27.md	CLAIM=पराभ्युपमस्य	SONNET=पराभ्युपगमस्य	समान	स्पष्ट
C085	a27.md	CLAIM=सुनर्णीतासम्भवद्बाधकप्रमाणः	SONNET=सुनर्णीतासम्भवद्बाधकप्रमाणः	भिन्न (मुद्रित "नर्णी" में इ-मात्रा नहीं	स्पष्ट
C086	a27.md	CLAIM=कर्मणामास्रवनिरोधः	SONNET=कर्मणामास्रवनिरोधः	भिन्न (मुद्रित में "स्" है — आस्रव, हमार	स्पष्ट
C087	a27.md	CLAIM=स चास्रवो	SONNET=स चास्रवो	भिन्न (स्/श् वही अंतर)	स्पष्ट
C088	a27.md	CLAIM="कर्मागमनहेतुरास्रवः"	SONNET="कर्मागमनहेतुरास्रवः"	भिन्न (स्/श् वही अंतर)	स्पष्ट
C089	a27.md	CLAIM=सक्ष्मसाम्पराय	SONNET=सक्ष्मसाम्पराया-	भिन्न (मुद्रित "सक्ष्म" में ू मात्रा नही	स्पष्ट
C090	a27.md	CLAIM=सकलास्रवव्यापकत्वात्	SONNET=योगस्य सकलास्रव-	भिन्न (स्/श् वही अंतर — मुद्रित "सकलास्र	स्पष्ट
C091	a28.md	CLAIM=चैतन्यविवर्त्तात्मानि भान्ति नुः	SONNET=चैतन्यविवर्त्तात्मानि भान्ति नः	भिन्न (दो अंतर — मुद्रित "विवर्त्ता" में	स्पष्ट
C092	a28.md	CLAIM=भूभृतोऽत्र समाधितः	SONNET=भूभृतोऽत्र समाधितः	भिन्न (मुद्रित में "ध" है — समाधितः, हमा	स्पष्ट
C093	a28.md	CLAIM=दृष्टकारणव्यभिचाराद-	SONNET=?	समान	स्पष्ट
C094	a28.md	CLAIM=पुद्गलपर्यायत्वात्	SONNET=पुद्गलपर्ययत्वात्	समान	स्पष्ट
C095	a28.md	CLAIM=पुरुषपरिणामात्मकत्वसाधनान्न	SONNET=पुरुषपरिणामात्मकत्वसाधनाश्च	भिन्न (मुद्रित में "श्च" है, हमारे में "	स्पष्ट
C096	a28.md	CLAIM=अन्यथा तद-	SONNET=अन्यथा तद्-/घटनात्	समान	स्पष्ट
C097	a28.md	CLAIM=इति प्रतिपद्येमहि प्रमाणसिद्धत्वात्	SONNET=...प्रहाणमिति प्रतिपत्तव्यं हि / प्रमाणसिद्धत्वात्।	समान (इति, प्रहाणम् शब्द की सन्धि में अन	स्पष्ट
C098	a29.md	CLAIM=न चेद्विक्षिप्तमनसः	SONNET=...किन्नावक्षते न च / द्विक्षिप्तमनसः...	समान	स्पष्ट
C099	a29.md	CLAIM=धर्मिधर्मसमुदायलक्षणा	SONNET=धर्मिधर्मसमुदायलक्षणा	भिन्न (मुद्रित "धर्मि" में इ-मात्रा है, 	स्पष्ट
C100	a29.md	CLAIM=नोपालब्धव्यः	SONNET=नोपालब्धव्यः	भिन्न (मुद्रित का अन्त्य भाग "-व्यः" है,	स्पष्ट
C101	a29.md	CLAIM=साध्यत्वेनैवासिद्धः	SONNET=साध्यत्वेनैव¹ / वासिद्धः	समान	स्पष्ट
C102	a29.md	CLAIM=बाधकप्रमाणाभावादन्यथानुपपन्नत्व	SONNET=बाधकप्रमाणाभावादन्यथानुपपन्नत्व	भिन्न (मुद्रित "अन्यथा" है, हमारे "अव्यथ	स्पष्ट
C103	a29.md	CLAIM=साक्षाद्य एव स ज्ञेयो	SONNET=साक्षाद्य एव स ज्ञेयो	भिन्न (मुद्रित में "द्य" संयुक्ताक्षर है	स्पष्ट
C104	a29.md	CLAIM=प्रपञ्चतस्तदन्वयस्य	SONNET=प्रपञ्च-/स्तदन्वयस्य	समान	स्पष्ट
C105	a29.md	CLAIM=अत्र समासतस्तद्विनिश्चयात्	SONNET=अत्र स्व[त]स्तद्विनिश्चयात्	भिन्न (मुद्रित शब्द "स्वतः" प्रकार का है	स्पष्ट
C106	a29.md	CLAIM=सकलपरीक्षालक्षितमोहक्षयः	SONNET=सकलपरीक्षाऽक्षितमोहक्षयः	भिन्न (मुद्रित में "वे" अक्षर नहीं है — 	स्पष्ट
C107	a29.md	CLAIM=इत्यावेद्यते	SONNET=इत्यावेद्यते—	भिन्न (मुद्रित "आवेद्यते" है — कहा जाता 	स्पष्ट
C108	a29.md	CLAIM=तस्यै वन्द्यः	SONNET=तस्मै वन्द्यः पर गुरुरिह	समान	स्पष्ट
C109	a30.md	CLAIM=वितथार्थाभिधान	SONNET=वितथार्या²भिधान	समान	स्पष्ट
C110	a30.md	CLAIM=गङ्गावच्चिरतरं	SONNET=गङ्गावच्चरतरं	समान	स्पष्ट
C111	a30.md	CLAIM=भास्वाद्भा	SONNET=भास्वद्भा¹	समान	स्पष्ट
C900		CLAIM=?	SONNET=...परापरपरमेष्ठिभ्यां परमागमार्थशब्दशरीरसं-	भिन्न (शरीरसं-सिद्धिः में अनुस्वार है, ह	स्पष्ट